Size,Custom Time (s),SciPy Time (s),Speedup
8,0.0012012720108032227,1.0006427764892578e-05,120.05
16,0.008556365966796875,1.0051727294921874e-05,851.23
32,0.06380650997161866,2.1207332611083985e-05,3008.7
64,0.5029403686523437,4.031896591186524e-05,12474.04
128,3.9232481956481933,0.0001452755928039551,27005.56
